,expression
0,neg(ts_delta_3(ta_lr_slope_10(ts_sma_8(ts_kurt_20(bar_gof_by_volume_w10_mean)))))
1,"ts_prod_17(sub(ts_argmin_20(mul(ta_dema_21(bar_ofi_signed_qty_sum_w10_std), ts_argmin_20(bar_gof_by_volume_w10_std))), ts_prod_3(ta_dema_21(ts_sum_3(bar_ofi_signed_quote_sum_w10_trend)))))"
2,ts_min_5(ta_dema_8(ts_range_5(bar_ofi_signed_qty_sum_w10_std)))
3,ts_kurt_10(elu(ta_ema_21(bar_ofi_signed_quote_sum_w10_std)))
4,ta_rocp_14(ts_prod_3(ta_rocr_14(bar_ofi_signed_quote_sum_w10_mean)))
5,"ta_dema_8(ta_cci_14(ta_dema_8(ta_rocr_25(ta_mom_12(bar_ofi_signed_quote_sum_w10_trend))), ta_willr_14(ts_argmin_5(sqrt(bar_gof_by_count_w10_trend)), ta_lr_intercept_5(ts_kurt_10(bar_ofi_signed_qty_sum_w10_mean)), bar_ofi_signed_qty_sum_w10_trend), ta_tema_55(ta_rsi_6(abs(bar_ofi_signed_qty_sum_w10_trend)))))"
6,ts_delta_8(ts_max_20(ts_kurt_40(ta_trima_55(TA_HT_DCPHASE(bar_gof_by_count_w10_trend)))))
7,"ta_dema_21(sub(bar_gof_by_count_w10_trend, bar_ofi_signed_quote_sum_w10_zscore))"
8,log(ts_lag_8(ts_argmin_5(bar_ofi_signed_quote_sum_w10_quantile)))
9,ts_lag_17(ta_lr_intercept_10(bar_ofi_signed_quote_sum_w10_momentum))
10,"ta_rocp_25(ts_argmin_5(TA_SAR(bar_gof_by_count_w10_trend, bar_ofi_signed_quote_sum_w10_zscore)))"
11,"ts_skew_10(ta_tsf_10(ta_cci_25(ts_lag_8(bar_gof_by_count_w10_mean), ta_rocp_25(bar_ofi_signed_quote_sum_w10_momentum), ta_tema_21(bar_ofi_signed_qty_sum_w10_std))))"
12,"ta_dema_8(ta_aroonosc_14(ta_trima_21(TS_COV_40(bar_ofi_signed_quote_sum_w10_mean, bar_ofi_signed_qty_sum_w10_trend)), ta_lr_slope_20(ts_prod_3(bar_gof_by_volume_w10_std))))"
13,ta_lr_slope_20(ts_skew_10(ts_lag_3(ts_min_20(bar_gof_by_volume_w10_std))))
14,"ta_beta_5(add(ta_tsf_10(bar_ofi_signed_quote_sum_w10_quantile), ts_mean_return_20(bar_gof_by_count_w10_trend)), ta_tsf_10(div(bar_ofi_signed_quote_sum_w10_std, bar_ofi_signed_quote_sum_w10_zscore)))"
15,"ta_cci_25(ta_ema_55(ta_atr_14(bar_gof_by_volume_w10_std, bar_ofi_signed_quote_sum_w10_std, ts_min_5(bar_ofi_signed_quote_sum_w10_quantile))), bar_ofi_signed_quote_sum_w10_zscore, ta_tema_21(ts_max_10(ta_lr_angle_20(bar_gof_by_count_w10_trend))))"
16,"ta_dx_14(ta_lr_intercept_10(ts_skew_10(bar_ofi_signed_qty_sum_w10_mean)), ts_argmax_5(ts_range_20(bar_gof_by_volume_w10_mean)), abs(TA_SAR(bar_ofi_signed_quote_sum_w10_zscore, bar_gof_by_volume_w10_std)))"
17,ta_ema_21(elu(ts_argrange_5(ta_trima_8(bar_gof_by_count_w10_mean))))
18,"ts_mean_return_10(ta_mfi_14(ta_tema_8(ts_wma_21(bar_ofi_signed_quote_sum_w10_std)), ta_dema_55(ts_wma_21(bar_gof_by_volume_w10_std)), ts_sum_8(max(bar_ofi_signed_quote_sum_w10_trend, bar_gof_by_volume_w10_mean)), ta_mfi_25(ts_argrange_20(bar_ofi_signed_quote_sum_w10_zscore), ta_ema_55(bar_ofi_signed_quote_sum_w10_zscore), inv(bar_ofi_signed_quote_sum_w10_trend), ts_sma_8(bar_ofi_signed_quote_sum_w10_mean))))"
19,ts_skew_10(ta_dema_8(ts_lag_3(ts_max_20(bar_gof_by_volume_w10_trend))))
20,ts_sum_8(ts_skew_10(ts_argmax_5(ta_dema_55(ts_argmax_5(bar_gof_by_count_w10_std)))))
21,"ta_beta_5(min(ta_lr_intercept_5(TA_HT_DCPHASE(ta_lr_angle_20(bar_ofi_signed_qty_sum_w10_mean))), ta_mom_25(abs(ta_rsi_6(bar_gof_by_count_w10_trend)))), ta_dema_8(ts_sma_55(ts_delta_8(bar_gof_by_volume_w10_std))))"
22,"ta_lr_slope_20(TA_SAR(ta_trima_8(ts_rank_10(bar_gof_by_count_w10_mean)), ts_delta_8(ta_trix_55(bar_ofi_signed_qty_sum_w10_std))))"
23,ts_argmin_10(ts_rank_10(ta_trima_55(ts_sum_17(ts_delta_3(bar_ofi_signed_qty_sum_w10_trend)))))
24,ts_delta_3(ts_argmax_5(ts_rank_20(bar_ofi_signed_quote_sum_w10_zscore)))
25,"ta_tsf_5(ta_aroonosc_14(ta_tsf_5(bar_gof_by_volume_w10_std), ts_sma_55(bar_ofi_signed_quote_sum_w10_std)))"
26,ta_rocr_14(ts_argrange_10(inv(ta_trima_21(bar_ofi_signed_quote_sum_w10_std))))
27,tan(ta_cmo_25(ta_lr_slope_20(bar_gof_by_count_w10_mean)))
28,"TA_SAR(ts_rank_10(ta_lr_angle_5(bar_gof_by_volume_w10_mean)), inv(ts_argrange_5(ta_tsf_20(bar_ofi_signed_quote_sum_w10_trend))))"
29,"ta_cci_14(ts_argmax_10(ts_argmin_5(bar_ofi_signed_qty_sum_w10_trend)), ta_tsf_10(TS_CORR_20(bar_gof_by_volume_w10_mean, bar_gof_by_count_w10_trend)), neg(ta_lr_slope_5(bar_gof_by_volume_w10_trend)))"
30,"ta_cci_25(ts_sma_8(max(ts_argmax_5(ta_ema_21(bar_gof_by_count_w10_std)), TA_TRANGE(ts_prod_17(bar_gof_by_volume_w10_trend), ta_dema_21(bar_ofi_signed_quote_sum_w10_momentum), ta_tsf_5(bar_ofi_signed_quote_sum_w10_momentum)))), ta_cci_14(ta_trix_8(ta_lr_intercept_5(ts_max_5(bar_ofi_signed_quote_sum_w10_mean))), ts_wma_21(ts_lag_17(ts_max_20(bar_gof_by_volume_w10_std))), ts_argmin_20(ta_rocp_25(ta_trix_55(bar_gof_by_volume_w10_std)))), sin(sqrt(ta_rsi_6(ta_ema_8(bar_gof_by_count_w10_std)))))"
31,"ts_kurt_20(TS_COV_20(bar_ofi_signed_quote_sum_w10_zscore, bar_ofi_signed_qty_sum_w10_std))"
32,ta_rocr_14(ts_skew_40(bar_ofi_signed_qty_sum_w10_std))
33,ta_cmo_25(ts_argrange_20(ta_tsf_20(ta_mom_12(bar_gof_by_volume_w10_std))))
34,ta_mom_25(ts_mean_return_5(ta_dema_21(bar_ofi_signed_quote_sum_w10_momentum)))
35,"ta_cci_25(ta_rocp_14(ta_minus_di_25(bar_ofi_signed_qty_sum_w10_std, bar_gof_by_count_w10_std, bar_gof_by_volume_w10_std)), add(ta_ema_21(bar_ofi_signed_qty_sum_w10_std), ts_wma_21(bar_ofi_signed_quote_sum_w10_quantile)), ts_wma_21(ts_argmax_20(bar_gof_by_count_w10_mean)))"
36,"ts_delta_8(ta_cci_25(ta_willr_14(bar_gof_by_volume_w10_std, bar_gof_by_count_w10_std, bar_ofi_signed_quote_sum_w10_momentum), ta_mom_12(bar_gof_by_count_w10_mean), bar_gof_by_volume_w10_trend))"
37,"abs(ts_prod_3(ta_tsf_10(TA_BOP(bar_ofi_signed_qty_sum_w10_mean, bar_gof_by_volume_w10_trend, bar_ofi_signed_quote_sum_w10_trend, bar_ofi_signed_quote_sum_w10_trend))))"
38,"ts_skew_20(ta_aroonosc_14(ta_dema_21(ts_argmax_10(bar_ofi_signed_qty_sum_w10_mean)), TA_HT_DCPHASE(ta_mfi_14(bar_ofi_signed_qty_sum_w10_trend, bar_gof_by_count_w10_mean, bar_ofi_signed_qty_sum_w10_mean, bar_ofi_signed_quote_sum_w10_zscore))))"
39,"ts_kurt_40(ta_trima_21(TA_BOP(bar_ofi_signed_quote_sum_w10_mean, bar_ofi_signed_quote_sum_w10_trend, bar_gof_by_count_w10_std, bar_ofi_signed_qty_sum_w10_trend)))"
40,ts_kurt_10(ts_lag_8(ts_skew_20(bar_ofi_signed_qty_sum_w10_trend)))
41,"ts_min_5(ta_cci_25(ta_cci_14(ta_cci_25(ts_mean_return_10(bar_gof_by_count_w10_std), ta_minus_dm_25(bar_gof_by_count_w10_mean, bar_ofi_signed_quote_sum_w10_zscore), ta_tema_8(bar_ofi_signed_quote_sum_w10_trend)), ta_cmo_25(ts_range_5(bar_gof_by_volume_w10_trend)), ta_willr_25(ta_trima_21(bar_gof_by_volume_w10_trend), ts_std_20(bar_ofi_signed_qty_sum_w10_mean), ta_rsi_12(bar_ofi_signed_quote_sum_w10_zscore))), ta_dx_14(sqrt(ta_atr_14(bar_gof_by_volume_w10_trend, bar_ofi_signed_quote_sum_w10_zscore, bar_gof_by_volume_w10_trend)), ta_tsf_10(ts_sum_8(bar_ofi_signed_quote_sum_w10_std)), add(ta_lr_angle_20(bar_gof_by_count_w10_mean), add(bar_gof_by_volume_w10_trend, bar_ofi_signed_quote_sum_w10_mean))), ta_atr_14(ts_rank_5(ta_trix_21(bar_gof_by_count_w10_trend)), TA_TRANGE(ta_tsf_10(bar_ofi_signed_qty_sum_w10_mean), ta_dema_21(bar_ofi_signed_quote_sum_w10_mean), ta_rsi_6(bar_ofi_signed_qty_sum_w10_std)), ts_argmax_10(ts_sma_21(bar_ofi_signed_qty_sum_w10_std)))))"
42,"TA_SAR(ts_max_10(bar_ofi_signed_qty_sum_w10_std), ta_lr_angle_5(bar_gof_by_count_w10_std))"
43,neg(ta_mom_25(ts_lag_3(bar_ofi_signed_quote_sum_w10_momentum)))
44,"ta_beta_5(ta_lr_intercept_10(ts_lag_3(bar_ofi_signed_qty_sum_w10_mean)), min(ts_sum_8(ts_max_20(bar_ofi_signed_qty_sum_w10_trend)), ts_max_20(ts_mean_return_10(bar_gof_by_count_w10_trend))))"
45,"ts_argmin_20(ts_kurt_20(sin(ta_dema_21(max(bar_ofi_signed_quote_sum_w10_std, bar_ofi_signed_qty_sum_w10_trend)))))"
46,ts_delta_3(ts_sum_17(tanh(bar_gof_by_count_w10_mean)))
47,"ts_argrange_20(ta_rsi_6(ta_beta_20(bar_ofi_signed_quote_sum_w10_quantile, bar_gof_by_volume_w10_mean)))"
48,ts_delta_8(ts_argmin_5(bar_gof_by_volume_w10_mean))
49,ts_prod_8(ta_dema_8(ts_argmin_10(ts_mean_return_20(ta_lr_intercept_20(bar_gof_by_volume_w10_std)))))
50,"ts_delta_17(ts_argrange_10(ts_argrange_5(mul(bar_ofi_signed_quote_sum_w10_quantile, bar_gof_by_volume_w10_std))))"
51,"ta_willr_14(ta_trima_21(ta_lr_slope_5(bar_ofi_signed_qty_sum_w10_std)), ts_argmax_5(inv(bar_ofi_signed_quote_sum_w10_quantile)), ta_rsi_12(ta_tema_21(bar_ofi_signed_quote_sum_w10_quantile)))"
52,ta_rocp_25(ts_sum_3(bar_ofi_signed_quote_sum_w10_mean))
53,ta_lr_slope_5(ts_kurt_40(ts_wma_21(ta_dema_8(bar_gof_by_count_w10_mean))))
54,"ta_beta_10(ta_dx_25(ts_kurt_40(bar_gof_by_count_w10_trend), ts_rank_20(bar_ofi_signed_qty_sum_w10_std), max(bar_ofi_signed_quote_sum_w10_quantile, bar_gof_by_count_w10_std)), cos(ts_kurt_10(bar_ofi_signed_qty_sum_w10_trend)))"
55,"sub(ta_dema_21(ta_lr_slope_10(ta_lr_intercept_5(ta_tsf_10(bar_gof_by_count_w10_mean)))), ts_prod_8(TA_TRANGE(ts_lag_8(ta_rocr_14(bar_gof_by_count_w10_std)), ts_rank_5(ta_dx_25(bar_gof_by_count_w10_std, bar_gof_by_volume_w10_std, bar_ofi_signed_quote_sum_w10_trend)), ts_argmax_5(ts_wma_8(bar_ofi_signed_quote_sum_w10_trend)))))"
56,"ts_prod_8(TA_SAR(elu(ts_std_10(ts_min_10(bar_gof_by_volume_w10_trend))), ta_rsi_12(ts_argrange_20(elu(bar_ofi_signed_quote_sum_w10_momentum)))))"
57,"ta_lr_angle_10(min(ta_rocr_14(ts_argmax_5(bar_gof_by_volume_w10_std)), sub(TS_CORR_40(bar_gof_by_volume_w10_std, bar_ofi_signed_qty_sum_w10_mean), ta_mom_25(bar_ofi_signed_quote_sum_w10_trend))))"
58,ts_skew_10(TA_HT_DCPERIOD(bar_gof_by_volume_w10_trend))
59,ts_kurt_20(ta_trima_21(bar_ofi_signed_quote_sum_w10_momentum))
60,"min(ts_delta_17(bar_gof_by_count_w10_trend), ts_delta_3(bar_ofi_signed_quote_sum_w10_quantile))"
61,"ta_cci_14(ta_dema_55(ta_rocr_14(bar_ofi_signed_qty_sum_w10_mean)), ta_aroonosc_14(ts_min_20(bar_ofi_signed_quote_sum_w10_momentum), sqrt(bar_gof_by_volume_w10_trend)), ta_lr_intercept_10(ta_rocr_14(bar_gof_by_count_w10_std)))"
62,"TA_BOP(mul(ts_argmax_20(bar_gof_by_volume_w10_mean), ta_rsi_24(bar_ofi_signed_qty_sum_w10_trend)), ta_minus_dm_25(ta_mfi_25(bar_ofi_signed_quote_sum_w10_trend, bar_ofi_signed_quote_sum_w10_std, bar_ofi_signed_quote_sum_w10_quantile, bar_ofi_signed_quote_sum_w10_momentum), ta_minus_di_25(bar_ofi_signed_quote_sum_w10_zscore, bar_ofi_signed_quote_sum_w10_std, bar_ofi_signed_quote_sum_w10_std)), ts_prod_8(ts_delta_17(bar_gof_by_count_w10_trend)), ts_rank_5(ts_lag_3(bar_ofi_signed_qty_sum_w10_std)))"
63,ta_rocp_25(ts_sum_17(ta_ema_8(ts_lag_8(ts_argmax_10(bar_ofi_signed_quote_sum_w10_trend)))))
64,ts_skew_10(ta_tema_8(ts_skew_40(bar_gof_by_volume_w10_mean)))
65,"ta_cci_14(ts_std_40(bar_gof_by_count_w10_mean), ta_rocr_25(bar_gof_by_volume_w10_mean), ts_wma_55(bar_gof_by_count_w10_trend))"
66,ta_trix_8(ts_prod_17(bar_ofi_signed_qty_sum_w10_mean))
67,"TA_TRANGE(ta_tema_21(bar_ofi_signed_quote_sum_w10_zscore), TA_TRANGE(bar_ofi_signed_qty_sum_w10_trend, bar_gof_by_volume_w10_std, bar_ofi_signed_quote_sum_w10_trend), ta_dema_21(bar_ofi_signed_quote_sum_w10_mean))"
68,ts_kurt_10(ts_sum_3(ta_tsf_20(bar_ofi_signed_qty_sum_w10_trend)))
69,ts_argmin_10(ts_wma_21(ts_kurt_10(bar_gof_by_count_w10_trend)))
70,"ta_cci_14(ts_wma_8(bar_ofi_signed_quote_sum_w10_std), ta_aroonosc_25(bar_ofi_signed_quote_sum_w10_trend, bar_gof_by_count_w10_mean), ts_sum_17(bar_gof_by_count_w10_mean))"
71,"ta_rocp_14(ts_mean_return_20(sub(bar_ofi_signed_quote_sum_w10_zscore, bar_gof_by_volume_w10_mean)))"
72,ta_rocp_25(ts_argmin_5(bar_gof_by_count_w10_std))
73,"ta_lr_angle_10(ta_dema_8(ta_mfi_14(ta_tema_55(ts_min_10(bar_gof_by_volume_w10_std)), ta_cmo_25(ta_lr_angle_10(bar_gof_by_volume_w10_std)), bar_ofi_signed_quote_sum_w10_quantile, ts_wma_8(elu(bar_gof_by_count_w10_trend)))))"
74,elu(ta_tsf_5(ts_argmax_5(ta_lr_angle_10(ts_sma_55(bar_ofi_signed_quote_sum_w10_trend)))))
75,ta_lr_angle_5(ts_argrange_10(bar_ofi_signed_quote_sum_w10_quantile))
76,"ta_cci_25(cos(bar_gof_by_count_w10_std), ts_delta_17(bar_ofi_signed_quote_sum_w10_mean), ts_skew_40(bar_gof_by_count_w10_mean))"
77,"ta_tsf_10(ts_delta_3(ta_rsi_6(TA_SAR(ts_std_20(bar_ofi_signed_quote_sum_w10_mean), ta_lr_angle_10(bar_ofi_signed_quote_sum_w10_trend)))))"
78,"ta_willr_14(ta_trix_21(ta_dema_8(bar_gof_by_count_w10_trend)), sin(div(bar_gof_by_count_w10_mean, bar_gof_by_count_w10_std)), ts_skew_20(ta_cci_25(bar_gof_by_count_w10_trend, bar_gof_by_volume_w10_trend, bar_ofi_signed_quote_sum_w10_zscore)))"
79,"ta_beta_5(inv(div(ta_minus_dm_14(bar_ofi_signed_quote_sum_w10_mean, bar_ofi_signed_quote_sum_w10_std), ts_wma_8(bar_ofi_signed_qty_sum_w10_mean))), ts_kurt_20(ts_rank_20(ta_rsi_6(bar_gof_by_volume_w10_std))))"
80,"ta_lr_slope_5(TS_COV_40(ts_lag_17(ts_skew_20(bar_gof_by_count_w10_std)), bar_ofi_signed_qty_sum_w10_std))"
81,"sub(log(ts_delta_8(ta_dema_8(bar_ofi_signed_quote_sum_w10_zscore))), ts_prod_3(ts_argmax_5(ta_tema_55(bar_ofi_signed_quote_sum_w10_momentum))))"
82,"ta_willr_14(sqrt(div(ta_minus_di_25(ta_tema_55(bar_ofi_signed_quote_sum_w10_momentum), ta_rocr_14(bar_ofi_signed_qty_sum_w10_std), ta_lr_slope_10(bar_ofi_signed_qty_sum_w10_std)), bar_gof_by_volume_w10_trend)), ta_aroonosc_25(bar_ofi_signed_quote_sum_w10_std, TA_HT_DCPERIOD(ts_sma_55(ts_skew_10(bar_gof_by_volume_w10_trend)))), bar_gof_by_count_w10_trend)"
83,ts_delta_3(tan(ta_lr_slope_20(bar_gof_by_count_w10_trend)))
84,ts_argmax_20(ts_sum_3(ts_lag_17(ts_min_10(bar_ofi_signed_quote_sum_w10_quantile))))
85,"ta_rsi_6(ts_range_20(TS_COV_20(bar_gof_by_volume_w10_mean, ta_lr_slope_10(ts_std_20(bar_ofi_signed_qty_sum_w10_trend)))))"
86,ta_tsf_5(ts_prod_8(bar_gof_by_count_w10_trend))
87,"div(div(ta_lr_slope_5(ta_tsf_5(neg(bar_ofi_signed_quote_sum_w10_momentum))), ts_prod_3(TA_HT_DCPHASE(ta_tema_21(bar_gof_by_count_w10_std)))), neg(ts_argmax_20(ta_mfi_14(ta_trima_21(bar_ofi_signed_quote_sum_w10_mean), tanh(bar_ofi_signed_qty_sum_w10_mean), TS_CORR_20(bar_ofi_signed_quote_sum_w10_std, bar_gof_by_volume_w10_std), abs(bar_gof_by_volume_w10_std)))))"
88,"ta_beta_20(min(ta_aroonosc_14(bar_ofi_signed_qty_sum_w10_trend, bar_ofi_signed_quote_sum_w10_quantile), ts_argrange_10(bar_ofi_signed_qty_sum_w10_trend)), elu(cos(bar_ofi_signed_qty_sum_w10_std)))"
89,ta_lr_slope_20(ts_lag_17(bar_ofi_signed_quote_sum_w10_zscore))
90,inv(ta_dema_21(ts_kurt_10(bar_ofi_signed_quote_sum_w10_zscore)))
91,"ta_cci_14(ta_trix_21(ts_sma_55(ts_max_5(ts_kurt_10(bar_ofi_signed_qty_sum_w10_std)))), ts_argmin_20(ta_lr_angle_20(inv(TA_TRANGE(bar_ofi_signed_quote_sum_w10_momentum, bar_gof_by_count_w10_trend, bar_ofi_signed_quote_sum_w10_std)))), min(ts_kurt_20(ta_lr_intercept_10(ts_sum_3(bar_gof_by_volume_w10_mean))), ts_argrange_20(ta_beta_10(ta_aroonosc_14(bar_ofi_signed_quote_sum_w10_zscore, bar_ofi_signed_qty_sum_w10_mean), ta_minus_di_25(bar_ofi_signed_quote_sum_w10_quantile, bar_ofi_signed_quote_sum_w10_mean, bar_ofi_signed_quote_sum_w10_quantile)))))"
92,"div(ts_min_10(ta_dema_8(div(bar_ofi_signed_qty_sum_w10_mean, bar_ofi_signed_qty_sum_w10_trend))), ts_mean_return_20(ta_tsf_10(ta_dema_21(bar_gof_by_volume_w10_std))))"
93,ts_mean_return_5(bar_ofi_signed_quote_sum_w10_quantile)
94,"mul(ts_lag_8(bar_gof_by_volume_w10_mean), ts_kurt_10(bar_ofi_signed_quote_sum_w10_momentum))"
95,"ts_kurt_10(ta_minus_di_14(TA_TRANGE(ts_wma_21(ts_std_10(bar_ofi_signed_quote_sum_w10_trend)), ts_argmin_20(ta_willr_25(bar_ofi_signed_qty_sum_w10_std, bar_gof_by_volume_w10_std, bar_ofi_signed_quote_sum_w10_trend)), ta_cmo_25(ts_mean_return_10(bar_gof_by_volume_w10_trend))), ta_dx_14(ta_lr_intercept_10(max(bar_ofi_signed_quote_sum_w10_mean, bar_ofi_signed_quote_sum_w10_std)), ta_beta_10(bar_gof_by_volume_w10_trend, mul(bar_gof_by_count_w10_std, bar_ofi_signed_quote_sum_w10_quantile)), ts_argmin_5(bar_ofi_signed_quote_sum_w10_std)), log(ts_sum_17(ta_rsi_12(bar_ofi_signed_quote_sum_w10_trend)))))"
96,"ts_argmin_5(TS_COV_40(ta_cmo_25(ts_argmin_20(ts_argrange_5(bar_gof_by_volume_w10_mean))), ta_minus_dm_25(add(bar_gof_by_volume_w10_mean, ts_mean_return_20(bar_ofi_signed_quote_sum_w10_momentum)), ta_ema_21(ts_std_20(bar_gof_by_count_w10_trend)))))"
97,"TS_CORR_20(ta_beta_5(ta_cci_25(bar_ofi_signed_qty_sum_w10_mean, bar_gof_by_count_w10_mean, bar_ofi_signed_quote_sum_w10_quantile), ta_willr_14(bar_gof_by_count_w10_mean, bar_ofi_signed_quote_sum_w10_mean, bar_gof_by_count_w10_std)), ta_atr_25(ta_trix_21(bar_gof_by_count_w10_mean), elu(bar_ofi_signed_quote_sum_w10_mean), ta_rocr_14(bar_ofi_signed_quote_sum_w10_trend)))"
98,ts_lag_8(ta_mom_12(ta_rsi_12(bar_ofi_signed_quote_sum_w10_quantile)))
99,ts_rank_5(ts_lag_17(sqrt(ta_rocp_25(ta_tsf_20(bar_ofi_signed_quote_sum_w10_std)))))
100,"TA_BOP(sub(ta_trix_55(ts_argmin_10(bar_ofi_signed_quote_sum_w10_std)), bar_ofi_signed_qty_sum_w10_std), ta_minus_di_14(ts_wma_55(ta_aroonosc_14(bar_ofi_signed_quote_sum_w10_mean, bar_ofi_signed_quote_sum_w10_mean)), ts_argmin_10(ta_dema_8(bar_ofi_signed_quote_sum_w10_momentum)), ts_mean_return_10(neg(bar_ofi_signed_quote_sum_w10_std))), add(ta_trix_8(ta_dx_14(bar_gof_by_volume_w10_mean, bar_ofi_signed_qty_sum_w10_std, bar_ofi_signed_qty_sum_w10_mean)), ts_delta_8(ta_dema_21(bar_gof_by_volume_w10_trend))), min(ta_lr_slope_20(ta_cci_25(bar_ofi_signed_quote_sum_w10_trend, bar_ofi_signed_qty_sum_w10_std, bar_ofi_signed_quote_sum_w10_std)), min(ta_minus_di_25(bar_ofi_signed_quote_sum_w10_std, bar_gof_by_count_w10_std, bar_ofi_signed_quote_sum_w10_trend), inv(bar_ofi_signed_quote_sum_w10_std))))"
101,"ta_mfi_25(ta_dema_21(bar_ofi_signed_quote_sum_w10_quantile), tan(bar_ofi_signed_quote_sum_w10_trend), TS_COV_40(bar_gof_by_volume_w10_mean, bar_gof_by_count_w10_trend), ta_minus_dm_14(bar_ofi_signed_quote_sum_w10_quantile, bar_gof_by_volume_w10_mean))"
102,"TS_CORR_20(ta_ema_21(div(abs(bar_ofi_signed_qty_sum_w10_mean), ta_rocp_25(bar_ofi_signed_quote_sum_w10_zscore))), ta_trima_21(ts_max_20(neg(bar_ofi_signed_qty_sum_w10_std))))"
103,"ta_cci_14(ts_sma_55(TS_COV_20(ts_wma_21(bar_gof_by_volume_w10_std), ts_prod_3(bar_gof_by_count_w10_std))), ta_atr_25(ts_mean_return_20(ta_beta_10(bar_ofi_signed_quote_sum_w10_zscore, bar_ofi_signed_quote_sum_w10_zscore)), tanh(ta_mfi_14(bar_gof_by_count_w10_std, bar_gof_by_count_w10_std, bar_ofi_signed_quote_sum_w10_quantile, bar_ofi_signed_quote_sum_w10_quantile)), ta_tsf_10(ta_dema_21(bar_ofi_signed_quote_sum_w10_zscore))), ta_rsi_6(bar_ofi_signed_quote_sum_w10_trend))"
104,"TA_BOP(ts_lag_3(bar_gof_by_count_w10_trend), neg(bar_ofi_signed_quote_sum_w10_trend), tanh(bar_ofi_signed_qty_sum_w10_std), ts_lag_8(bar_ofi_signed_qty_sum_w10_mean))"
105,log(ts_argrange_10(bar_ofi_signed_quote_sum_w10_std))
106,ts_kurt_10(cos(bar_gof_by_volume_w10_trend))
107,ts_argmax_10(TA_HT_DCPERIOD(ts_argmin_5(ts_argmax_5(bar_gof_by_count_w10_mean))))
108,"ta_cci_14(ta_trix_21(bar_gof_by_volume_w10_trend), ta_dema_8(bar_gof_by_count_w10_trend), TS_CORR_40(bar_gof_by_count_w10_std, bar_ofi_signed_quote_sum_w10_momentum))"
109,"ta_lr_angle_10(ta_rocr_25(ts_argrange_5(ta_atr_14(ta_dema_8(bar_ofi_signed_qty_sum_w10_trend), ts_std_20(bar_ofi_signed_qty_sum_w10_std), ta_cci_14(bar_ofi_signed_quote_sum_w10_std, bar_ofi_signed_qty_sum_w10_std, bar_gof_by_count_w10_mean)))))"
110,ts_kurt_40(ts_max_20(bar_ofi_signed_quote_sum_w10_momentum))
111,"ts_delta_3(log(ts_mean_return_5(ta_lr_angle_20(TS_CORR_40(bar_ofi_signed_quote_sum_w10_std, bar_gof_by_count_w10_mean)))))"
112,ta_dema_8(ta_tsf_5(sin(ta_lr_intercept_20(bar_ofi_signed_qty_sum_w10_mean))))
113,"tan(ta_tema_8(TS_CORR_40(TA_TRANGE(bar_gof_by_volume_w10_mean, bar_ofi_signed_quote_sum_w10_quantile, bar_gof_by_volume_w10_std), ts_argmax_5(bar_gof_by_volume_w10_trend))))"
114,"ta_aroonosc_14(ts_rank_20(ta_tema_55(bar_gof_by_count_w10_trend)), ts_argmin_5(ts_skew_40(bar_gof_by_count_w10_mean)))"
115,"div(ts_rank_20(bar_ofi_signed_qty_sum_w10_trend), ts_rank_5(bar_gof_by_count_w10_std))"
116,ta_mom_12(ta_lr_intercept_10(ta_cmo_25(bar_gof_by_count_w10_mean)))
117,"ts_delta_17(ta_beta_10(bar_ofi_signed_qty_sum_w10_mean, bar_gof_by_volume_w10_mean))"
118,"ta_rocp_14(ta_beta_20(TS_COV_40(bar_ofi_signed_quote_sum_w10_mean, bar_gof_by_count_w10_mean), ta_lr_angle_20(bar_gof_by_count_w10_trend)))"
119,"ta_cci_14(TA_HT_DCPERIOD(ta_dema_8(ts_argrange_5(ta_lr_angle_20(bar_ofi_signed_qty_sum_w10_trend)))), ts_wma_55(bar_gof_by_count_w10_std), ts_prod_17(TS_CORR_20(ts_min_5(ta_rocr_14(bar_ofi_signed_quote_sum_w10_mean)), ta_lr_angle_5(ts_sma_21(bar_gof_by_volume_w10_trend)))))"
120,ta_trix_8(ts_max_10(bar_ofi_signed_qty_sum_w10_mean))
121,ts_range_5(ts_mean_return_10(ts_skew_20(bar_gof_by_count_w10_std)))
122,"ta_willr_25(ts_rank_5(bar_ofi_signed_quote_sum_w10_momentum), ta_beta_10(bar_ofi_signed_quote_sum_w10_trend, bar_gof_by_count_w10_std), ta_minus_dm_25(bar_ofi_signed_qty_sum_w10_trend, bar_ofi_signed_qty_sum_w10_mean))"
123,ta_mom_12(sin(ts_argmax_20(sin(ta_tsf_20(bar_ofi_signed_qty_sum_w10_trend)))))
124,"ts_skew_10(ts_delta_3(min(ts_argrange_10(ts_std_20(bar_ofi_signed_quote_sum_w10_mean)), ta_cci_14(TS_CORR_20(bar_gof_by_count_w10_trend, bar_gof_by_count_w10_trend), ta_trima_21(bar_ofi_signed_quote_sum_w10_trend), ta_tsf_10(bar_gof_by_volume_w10_mean)))))"
125,"ts_rank_10(TS_COV_20(ta_lr_slope_10(ta_dx_25(bar_ofi_signed_qty_sum_w10_std, bar_gof_by_count_w10_trend, bar_ofi_signed_quote_sum_w10_momentum)), ta_ema_8(ts_delta_8(bar_gof_by_volume_w10_std))))"
126,"TA_TRANGE(abs(ta_beta_10(min(bar_ofi_signed_quote_sum_w10_zscore, bar_gof_by_volume_w10_trend), ts_argrange_20(bar_ofi_signed_quote_sum_w10_zscore))), ts_mean_return_5(neg(TS_CORR_40(bar_ofi_signed_qty_sum_w10_std, bar_gof_by_volume_w10_std))), ta_minus_dm_14(max(ts_min_20(bar_ofi_signed_quote_sum_w10_mean), max(bar_ofi_signed_qty_sum_w10_mean, bar_gof_by_count_w10_trend)), ta_ema_8(ta_dema_8(bar_gof_by_volume_w10_mean))))"
127,ts_skew_20(ts_sum_17(cos(bar_ofi_signed_quote_sum_w10_trend)))
128,"ta_lr_slope_5(ta_dema_8(ts_skew_10(TA_TRANGE(ta_cmo_14(bar_ofi_signed_qty_sum_w10_trend), ta_lr_angle_20(bar_ofi_signed_quote_sum_w10_zscore), ts_delta_3(bar_ofi_signed_quote_sum_w10_mean)))))"
129,"TA_TRANGE(inv(ta_mom_25(ts_std_10(bar_ofi_signed_quote_sum_w10_std))), ts_max_10(ts_wma_55(ts_kurt_20(bar_gof_by_volume_w10_std))), ts_min_20(ts_mean_return_5(ta_cci_14(bar_ofi_signed_quote_sum_w10_quantile, bar_ofi_signed_qty_sum_w10_std, bar_gof_by_count_w10_trend))))"
130,"ts_lag_3(mul(ta_rocr_25(bar_gof_by_volume_w10_mean), add(bar_ofi_signed_qty_sum_w10_trend, bar_ofi_signed_qty_sum_w10_trend)))"
131,ts_argrange_5(ta_mom_25(abs(bar_ofi_signed_quote_sum_w10_trend)))
132,"ts_skew_20(ta_minus_di_25(ta_lr_intercept_20(bar_gof_by_count_w10_std), ta_beta_20(bar_gof_by_count_w10_trend, bar_gof_by_volume_w10_trend), ta_mom_12(bar_gof_by_volume_w10_mean)))"
133,"TA_BOP(ts_lag_17(bar_gof_by_count_w10_mean), ts_range_20(bar_ofi_signed_quote_sum_w10_std), ta_tema_8(bar_ofi_signed_quote_sum_w10_std), ta_cci_14(bar_ofi_signed_quote_sum_w10_momentum, bar_ofi_signed_quote_sum_w10_mean, bar_ofi_signed_quote_sum_w10_momentum))"
134,"ta_beta_10(ta_lr_intercept_10(bar_ofi_signed_quote_sum_w10_quantile), ta_rsi_12(ta_lr_slope_20(TA_SAR(bar_ofi_signed_quote_sum_w10_quantile, bar_ofi_signed_qty_sum_w10_mean))))"
135,ts_kurt_10(ts_argmin_5(ta_trix_21(sqrt(ts_argmax_5(bar_gof_by_count_w10_trend)))))
136,abs(ta_rocp_14(bar_ofi_signed_quote_sum_w10_zscore))
137,ta_lr_angle_5(ta_tsf_5(ta_lr_angle_10(ts_argmax_10(bar_ofi_signed_quote_sum_w10_zscore))))
138,sin(inv(ta_tsf_10(bar_ofi_signed_quote_sum_w10_zscore)))
139,"TA_BOP(ta_cmo_25(bar_gof_by_volume_w10_mean), cos(bar_ofi_signed_quote_sum_w10_zscore), div(bar_gof_by_count_w10_std, bar_ofi_signed_quote_sum_w10_trend), ta_tema_55(bar_ofi_signed_quote_sum_w10_zscore))"
140,"div(ts_argmin_5(ta_trima_21(ts_std_40(ta_cmo_25(bar_gof_by_count_w10_trend)))), ts_sum_3(ts_prod_8(ts_argrange_5(bar_ofi_signed_quote_sum_w10_mean))))"
141,"ta_mom_25(sin(ta_beta_10(bar_ofi_signed_quote_sum_w10_std, bar_gof_by_count_w10_std)))"
142,"sub(ta_ema_55(ta_lr_angle_20(ta_atr_25(bar_ofi_signed_qty_sum_w10_mean, bar_gof_by_volume_w10_trend, bar_ofi_signed_quote_sum_w10_trend))), ts_max_20(ts_mean_return_5(ts_range_20(bar_gof_by_volume_w10_mean))))"
143,"ta_aroonosc_25(ts_argrange_5(inv(ta_dema_21(bar_ofi_signed_qty_sum_w10_std))), ta_beta_10(ta_aroonosc_25(ta_dema_55(bar_ofi_signed_quote_sum_w10_mean), ta_rocp_14(bar_gof_by_count_w10_std)), ts_delta_17(bar_ofi_signed_quote_sum_w10_momentum)))"
144,ts_rank_5(ta_rocr_14(ts_kurt_40(bar_gof_by_count_w10_std)))
145,"ta_beta_10(ts_mean_return_10(bar_ofi_signed_quote_sum_w10_momentum), sin(bar_ofi_signed_qty_sum_w10_mean))"
146,ts_argmin_10(ta_rocp_25(ta_dema_55(ts_argrange_10(ts_skew_40(bar_gof_by_count_w10_mean)))))
147,"ts_argrange_5(ts_mean_return_20(ts_wma_55(ta_cci_25(bar_ofi_signed_quote_sum_w10_trend, bar_gof_by_count_w10_trend, bar_gof_by_volume_w10_mean))))"
148,"cos(TA_TRANGE(bar_gof_by_count_w10_mean, bar_gof_by_volume_w10_mean, ts_argmin_20(bar_gof_by_count_w10_trend)))"
149,ts_argmin_20(ts_range_5(ta_rocr_25(ta_mom_25(bar_gof_by_volume_w10_std))))
150,ts_argmax_10(ta_rsi_6(ts_range_10(inv(ts_kurt_10(ts_range_20(bar_ofi_signed_qty_sum_w10_mean))))))
151,"ts_delta_17(TA_SAR(sub(ts_min_10(bar_ofi_signed_quote_sum_w10_trend), ts_max_20(bar_gof_by_volume_w10_mean)), ts_kurt_20(ts_argmin_10(bar_ofi_signed_qty_sum_w10_trend))))"
152,"TA_TRANGE(TS_CORR_40(ts_sma_21(bar_ofi_signed_qty_sum_w10_mean), ts_wma_21(bar_gof_by_count_w10_std)), bar_gof_by_volume_w10_mean, ts_skew_20(TA_HT_DCPHASE(bar_ofi_signed_qty_sum_w10_mean)))"
153,"ta_rocp_14(ts_min_10(ts_sma_21(ts_argrange_20(max(bar_ofi_signed_quote_sum_w10_zscore, bar_ofi_signed_qty_sum_w10_trend)))))"
154,"ta_lr_slope_20(ta_mfi_14(ts_lag_3(ts_wma_21(bar_gof_by_volume_w10_trend)), ta_rocp_25(ta_dema_8(bar_gof_by_volume_w10_trend)), ts_argmin_10(ts_argrange_20(bar_ofi_signed_quote_sum_w10_std)), ta_lr_slope_5(ts_delta_3(bar_gof_by_count_w10_std))))"
155,ta_lr_angle_5(ts_max_20(bar_ofi_signed_quote_sum_w10_quantile))
156,ts_argmax_20(ta_cmo_14(ts_kurt_10(ts_max_10(ta_tsf_10(bar_gof_by_count_w10_mean)))))
157,ts_prod_3(ts_kurt_10(bar_gof_by_count_w10_mean))
158,ts_rank_20(ts_range_5(bar_gof_by_volume_w10_std))
159,"ta_beta_20(ta_aroonosc_25(ts_range_20(bar_ofi_signed_qty_sum_w10_mean), ts_lag_8(bar_ofi_signed_quote_sum_w10_trend)), elu(ts_argrange_5(ta_cmo_25(bar_ofi_signed_quote_sum_w10_momentum))))"
160,inv(ta_trima_8(ta_rocp_14(bar_gof_by_count_w10_trend)))
161,"ta_beta_10(ts_min_10(ta_lr_angle_10(div(ts_argmax_5(bar_ofi_signed_quote_sum_w10_trend), ta_dx_25(bar_gof_by_count_w10_std, bar_ofi_signed_quote_sum_w10_quantile, bar_gof_by_count_w10_std)))), ta_tsf_10(ta_dx_14(max(ta_lr_slope_20(ts_delta_3(bar_ofi_signed_qty_sum_w10_std)), ta_rocp_25(bar_ofi_signed_quote_sum_w10_mean)), ta_cmo_14(ta_willr_14(bar_ofi_signed_quote_sum_w10_trend, bar_gof_by_count_w10_mean, bar_ofi_signed_qty_sum_w10_std)), ta_lr_intercept_20(ta_lr_intercept_10(bar_ofi_signed_quote_sum_w10_zscore)))))"
162,"ta_cmo_25(ts_range_5(ta_rsi_6(min(ts_sma_8(ts_max_20(bar_gof_by_volume_w10_trend)), ts_std_20(bar_ofi_signed_quote_sum_w10_momentum)))))"
163,"TA_SAR(ts_sum_17(ta_lr_intercept_20(bar_ofi_signed_qty_sum_w10_std)), ts_skew_20(ts_skew_40(bar_gof_by_volume_w10_mean)))"
164,"ta_mfi_25(ta_trix_55(bar_ofi_signed_quote_sum_w10_trend), bar_ofi_signed_quote_sum_w10_mean, bar_ofi_signed_qty_sum_w10_mean, ts_skew_40(ts_min_5(bar_ofi_signed_quote_sum_w10_trend)))"
165,ta_lr_angle_10(inv(ts_sma_8(bar_gof_by_count_w10_mean)))
166,"ta_lr_angle_5(TS_CORR_40(bar_gof_by_volume_w10_mean, bar_ofi_signed_quote_sum_w10_std))"
167,"ta_tsf_20(ta_lr_angle_10(ta_mfi_14(log(bar_ofi_signed_quote_sum_w10_std), ts_sma_8(ts_lag_8(ta_cci_25(bar_gof_by_count_w10_std, bar_gof_by_count_w10_std, bar_gof_by_count_w10_trend))), ts_skew_20(bar_gof_by_count_w10_std), ta_ema_8(bar_ofi_signed_quote_sum_w10_quantile))))"
168,"ts_argmax_20(TS_COV_20(sub(ta_dema_21(ts_lag_3(bar_gof_by_count_w10_trend)), ts_skew_40(TA_HT_DCPHASE(bar_ofi_signed_quote_sum_w10_momentum))), ta_rocr_25(ts_sma_21(TA_BOP(bar_gof_by_count_w10_trend, bar_ofi_signed_quote_sum_w10_momentum, bar_gof_by_count_w10_mean, bar_gof_by_count_w10_mean)))))"
169,"ts_argrange_10(div(ta_beta_10(ta_minus_di_25(bar_gof_by_count_w10_mean, bar_gof_by_volume_w10_mean, bar_gof_by_count_w10_mean), ta_cmo_25(bar_gof_by_volume_w10_std)), abs(ta_rocp_14(ts_rank_20(ts_argmax_10(ts_sma_21(bar_ofi_signed_quote_sum_w10_trend)))))))"
170,"ts_delta_8(ts_lag_17(ts_max_10(ts_std_10(ta_minus_di_14(bar_ofi_signed_qty_sum_w10_mean, bar_ofi_signed_quote_sum_w10_trend, bar_ofi_signed_qty_sum_w10_mean)))))"
171,"ts_argmin_5(ts_prod_8(ts_min_5(ta_trima_21(TS_CORR_20(ts_max_5(ts_rank_20(bar_ofi_signed_qty_sum_w10_std)), sqrt(neg(bar_ofi_signed_quote_sum_w10_std)))))))"
172,ts_range_5(ta_dema_8(ts_mean_return_5(ta_mom_25(bar_ofi_signed_qty_sum_w10_mean))))
173,"ta_beta_10(ta_dx_25(ta_cmo_25(bar_gof_by_volume_w10_mean), ts_argmax_5(bar_gof_by_volume_w10_std), ts_kurt_10(bar_gof_by_count_w10_mean)), ts_rank_10(ts_min_10(bar_gof_by_count_w10_std)))"
174,ts_kurt_20(ta_tema_8(ts_min_10(bar_gof_by_count_w10_std)))
175,ts_prod_8(ts_skew_20(ts_wma_21(bar_gof_by_volume_w10_std)))
176,"ts_prod_8(ts_mean_return_20(ta_rocp_25(ta_mfi_25(bar_gof_by_count_w10_std, bar_ofi_signed_quote_sum_w10_quantile, bar_ofi_signed_quote_sum_w10_mean, bar_ofi_signed_qty_sum_w10_mean))))"
177,"ta_beta_20(ta_dema_8(ts_lag_8(TA_HT_DCPERIOD(ts_argrange_10(bar_ofi_signed_qty_sum_w10_mean)))), inv(ts_lag_8(ts_kurt_10(bar_ofi_signed_qty_sum_w10_std))))"
178,"ta_aroonosc_14(ts_mean_return_20(ts_max_5(ts_rank_10(ta_mom_12(sqrt(ts_max_10(bar_gof_by_count_w10_mean)))))), bar_gof_by_volume_w10_trend)"
179,"neg(TA_BOP(ts_rank_20(ts_rank_10(bar_gof_by_count_w10_trend)), ta_trima_8(ts_kurt_20(bar_ofi_signed_quote_sum_w10_std)), elu(ta_lr_slope_20(bar_gof_by_volume_w10_mean)), ts_argmax_20(ts_kurt_10(bar_gof_by_count_w10_trend))))"
180,"sin(ta_cmo_14(ta_cmo_25(add(div(bar_gof_by_count_w10_std, bar_gof_by_count_w10_mean), ts_rank_5(bar_ofi_signed_quote_sum_w10_mean)))))"
181,"mul(ts_argmax_10(ta_lr_intercept_5(ta_dema_55(bar_gof_by_count_w10_mean))), ta_dema_8(ta_mom_12(min(bar_ofi_signed_quote_sum_w10_quantile, bar_ofi_signed_quote_sum_w10_trend))))"
182,ta_mom_12(bar_ofi_signed_quote_sum_w10_trend)
183,"ts_range_5(ta_lr_slope_10(ta_minus_dm_14(ta_trima_8(bar_gof_by_volume_w10_trend), ts_sum_17(bar_ofi_signed_qty_sum_w10_trend))))"
184,ts_delta_3(ts_min_5(ts_delta_17(cos(ts_argrange_20(bar_ofi_signed_qty_sum_w10_trend)))))
185,"tan(TS_CORR_40(ts_max_20(bar_ofi_signed_qty_sum_w10_mean), ts_argrange_10(bar_gof_by_volume_w10_trend)))"
186,"ta_mom_25(ta_cci_25(ta_trix_55(inv(bar_ofi_signed_quote_sum_w10_momentum)), ts_delta_8(bar_gof_by_volume_w10_trend), ta_lr_angle_10(ta_mfi_25(bar_ofi_signed_quote_sum_w10_trend, bar_ofi_signed_quote_sum_w10_quantile, bar_ofi_signed_quote_sum_w10_std, bar_ofi_signed_qty_sum_w10_mean))))"
187,ts_argrange_10(ta_rocp_14(ts_argmin_20(bar_ofi_signed_quote_sum_w10_zscore)))
188,"mul(ta_tsf_5(abs(TS_CORR_40(bar_gof_by_volume_w10_trend, bar_gof_by_count_w10_mean))), ts_lag_3(div(ts_sma_55(abs(bar_gof_by_count_w10_mean)), ta_minus_dm_14(ts_min_20(bar_ofi_signed_quote_sum_w10_mean), ta_minus_di_25(bar_ofi_signed_quote_sum_w10_quantile, bar_gof_by_count_w10_trend, bar_gof_by_volume_w10_mean)))))"
189,neg(ts_argmax_5(elu(log(bar_gof_by_count_w10_mean))))
190,"ta_lr_angle_5(ts_sma_8(min(ts_argmin_20(bar_gof_by_volume_w10_mean), ta_mfi_14(bar_ofi_signed_quote_sum_w10_mean, bar_ofi_signed_quote_sum_w10_momentum, bar_ofi_signed_quote_sum_w10_zscore, bar_gof_by_count_w10_mean))))"
191,"ta_beta_5(bar_ofi_signed_quote_sum_w10_momentum, ts_lag_3(bar_ofi_signed_quote_sum_w10_std))"
192,"ts_rank_5(TS_COV_20(tan(bar_ofi_signed_quote_sum_w10_mean), ts_argmin_5(bar_gof_by_count_w10_trend)))"
193,ts_kurt_10(ta_rsi_6(bar_gof_by_volume_w10_trend))
194,"ta_mfi_14(ta_trima_8(ts_sum_17(ts_argrange_20(ta_aroonosc_14(bar_gof_by_count_w10_mean, bar_ofi_signed_quote_sum_w10_momentum)))), ta_ema_21(ts_skew_10(TA_TRANGE(ts_prod_17(bar_gof_by_count_w10_std), ts_sum_17(bar_ofi_signed_qty_sum_w10_mean), ta_cci_25(bar_ofi_signed_qty_sum_w10_trend, bar_ofi_signed_qty_sum_w10_mean, bar_ofi_signed_quote_sum_w10_quantile)))), ta_rsi_6(ta_tsf_10(ts_prod_17(ta_dema_55(bar_ofi_signed_qty_sum_w10_mean)))), ta_lr_slope_10(ts_min_10(ta_cci_14(ts_range_5(bar_gof_by_count_w10_trend), ta_beta_5(bar_ofi_signed_quote_sum_w10_std, bar_gof_by_count_w10_trend), ta_mfi_25(bar_ofi_signed_quote_sum_w10_std, bar_ofi_signed_qty_sum_w10_trend, bar_ofi_signed_quote_sum_w10_zscore, bar_ofi_signed_qty_sum_w10_trend)))))"
195,"sub(TS_CORR_20(ts_argmax_10(bar_ofi_signed_qty_sum_w10_mean), ta_ema_21(bar_gof_by_count_w10_trend)), ta_dema_21(ts_rank_10(bar_ofi_signed_qty_sum_w10_mean)))"
196,tan(ts_argrange_20(ts_std_40(ts_kurt_10(ts_lag_17(bar_gof_by_volume_w10_trend)))))
197,"ta_lr_slope_10(tan(ta_willr_25(TA_BOP(bar_gof_by_volume_w10_std, bar_gof_by_volume_w10_mean, bar_gof_by_count_w10_trend, bar_ofi_signed_quote_sum_w10_trend), TA_BOP(bar_ofi_signed_qty_sum_w10_trend, bar_gof_by_volume_w10_mean, bar_ofi_signed_qty_sum_w10_mean, bar_ofi_signed_quote_sum_w10_momentum), ts_wma_55(bar_ofi_signed_quote_sum_w10_momentum))))"
198,"ta_cci_14(TA_HT_DCPHASE(ta_dema_21(ts_argrange_5(bar_gof_by_volume_w10_trend))), ts_range_5(ta_ema_8(ta_trix_55(bar_ofi_signed_quote_sum_w10_quantile))), ts_std_20(ta_ema_21(ta_atr_14(bar_ofi_signed_quote_sum_w10_mean, bar_ofi_signed_qty_sum_w10_trend, bar_gof_by_volume_w10_mean))))"
199,ta_lr_slope_10(ta_lr_slope_10(ta_lr_intercept_10(ts_rank_10(bar_ofi_signed_quote_sum_w10_momentum))))
200,ta_lr_angle_10(ts_prod_17(bar_gof_by_count_w10_std))
201,ts_prod_3(ts_argrange_10(ts_argmax_10(ts_argrange_10(bar_ofi_signed_qty_sum_w10_std))))
202,"ts_argrange_20(ta_minus_di_14(ts_argmin_20(bar_gof_by_volume_w10_trend), ts_lag_8(bar_ofi_signed_quote_sum_w10_std), ta_minus_dm_14(bar_gof_by_count_w10_trend, bar_ofi_signed_quote_sum_w10_zscore)))"
203,"ts_argmax_10(ts_min_5(ta_lr_angle_10(ta_dx_25(ta_cmo_25(bar_ofi_signed_quote_sum_w10_mean), ta_ema_8(bar_ofi_signed_quote_sum_w10_momentum), bar_gof_by_count_w10_mean))))"
204,log(ts_skew_10(ts_rank_10(ta_mom_25(ts_mean_return_5(bar_gof_by_volume_w10_mean)))))
205,"ts_delta_17(ta_aroonosc_14(ts_std_20(ta_cmo_14(ta_lr_slope_20(max(tan(bar_gof_by_count_w10_trend), ta_tsf_10(bar_ofi_signed_quote_sum_w10_mean))))), ta_tema_55(inv(bar_gof_by_count_w10_trend))))"
206,"ta_lr_slope_5(log(tanh(ts_rank_20(ts_delta_17(ta_minus_dm_25(bar_gof_by_volume_w10_trend, bar_ofi_signed_qty_sum_w10_trend))))))"
207,"div(ts_range_10(ts_argmin_20(ts_delta_17(bar_gof_by_volume_w10_mean))), abs(ta_tsf_10(ta_minus_dm_14(bar_ofi_signed_quote_sum_w10_zscore, bar_gof_by_count_w10_mean))))"
208,"add(log(ta_lr_angle_20(bar_gof_by_count_w10_std)), cos(abs(bar_gof_by_volume_w10_std)))"
209,ts_argrange_5(ts_rank_5(ts_wma_21(bar_ofi_signed_quote_sum_w10_momentum)))
210,"ts_skew_20(ts_mean_return_5(add(ta_tsf_10(ts_range_10(bar_ofi_signed_qty_sum_w10_mean)), ts_wma_21(ts_delta_8(sqrt(bar_ofi_signed_quote_sum_w10_mean))))))"
211,ts_mean_return_10(ts_argmax_20(ts_skew_40(bar_ofi_signed_quote_sum_w10_trend)))
212,"ta_lr_angle_5(ts_mean_return_5(ta_beta_10(ta_minus_di_14(ts_argmin_20(bar_ofi_signed_quote_sum_w10_mean), ta_lr_angle_10(bar_ofi_signed_qty_sum_w10_trend), ts_argmin_10(ts_mean_return_20(ta_rocr_25(bar_ofi_signed_qty_sum_w10_trend)))), ta_atr_25(TA_TRANGE(bar_gof_by_count_w10_std, bar_gof_by_volume_w10_trend, bar_gof_by_volume_w10_mean), ta_rocr_14(bar_ofi_signed_quote_sum_w10_std), ts_argrange_5(bar_ofi_signed_qty_sum_w10_mean)))))"
213,ts_kurt_10(ta_lr_angle_20(bar_gof_by_volume_w10_std))
214,ts_prod_8(elu(ts_argmax_20(bar_gof_by_count_w10_mean)))
215,ta_rocp_25(ts_range_10(ts_argmin_10(bar_ofi_signed_qty_sum_w10_std)))
216,"ta_rocp_14(ts_mean_return_5(ta_willr_14(ta_beta_10(ts_range_5(bar_gof_by_volume_w10_mean), ta_dx_14(bar_ofi_signed_quote_sum_w10_std, bar_ofi_signed_qty_sum_w10_std, bar_gof_by_count_w10_std)), ta_minus_di_25(ts_argmin_5(bar_gof_by_count_w10_mean), ts_delta_3(bar_ofi_signed_quote_sum_w10_std), ta_lr_angle_20(bar_ofi_signed_quote_sum_w10_quantile)), TA_SAR(ts_rank_10(bar_ofi_signed_qty_sum_w10_trend), TA_TRANGE(bar_ofi_signed_quote_sum_w10_mean, bar_gof_by_count_w10_trend, bar_gof_by_count_w10_trend)))))"
217,ts_sum_3(ts_range_10(ts_mean_return_5(ta_trima_21(ts_argmax_20(bar_gof_by_count_w10_mean)))))
218,"TS_COV_20(ts_sum_17(ta_tsf_10(bar_ofi_signed_qty_sum_w10_std)), ts_range_10(mul(mul(bar_gof_by_count_w10_mean, bar_gof_by_volume_w10_std), ta_lr_intercept_10(bar_ofi_signed_qty_sum_w10_std))))"
219,"ts_delta_3(ta_lr_angle_10(ta_minus_dm_14(ts_argmin_10(bar_ofi_signed_qty_sum_w10_std), ta_beta_5(bar_ofi_signed_qty_sum_w10_mean, bar_ofi_signed_quote_sum_w10_std))))"
220,"ts_argmax_10(ta_rsi_6(ta_cci_25(ts_sum_8(ts_delta_17(bar_gof_by_count_w10_std)), ts_lag_3(ts_lag_17(bar_gof_by_volume_w10_mean)), ts_prod_17(ta_dema_8(bar_ofi_signed_qty_sum_w10_trend)))))"
221,"ts_skew_40(ta_dx_25(ts_delta_3(bar_ofi_signed_quote_sum_w10_mean), ta_mfi_25(bar_ofi_signed_quote_sum_w10_trend, bar_ofi_signed_qty_sum_w10_trend, bar_ofi_signed_quote_sum_w10_mean, bar_gof_by_count_w10_mean), ta_rocp_25(bar_ofi_signed_quote_sum_w10_zscore)))"
222,"cos(ts_max_5(ts_delta_17(ta_minus_di_14(bar_ofi_signed_quote_sum_w10_quantile, bar_ofi_signed_quote_sum_w10_trend, bar_ofi_signed_qty_sum_w10_trend))))"
223,"TS_CORR_20(ta_tsf_10(ts_skew_40(ts_delta_17(bar_gof_by_count_w10_mean))), ts_min_5(ts_std_40(ta_lr_angle_10(bar_ofi_signed_qty_sum_w10_std))))"
224,"ta_beta_10(ts_min_10(ta_beta_20(ts_argmin_20(bar_gof_by_volume_w10_mean), ts_mean_return_5(bar_ofi_signed_quote_sum_w10_mean))), sub(ta_dx_14(ta_beta_20(bar_ofi_signed_quote_sum_w10_std, bar_ofi_signed_quote_sum_w10_quantile), ts_min_10(bar_ofi_signed_quote_sum_w10_std), ta_dema_55(bar_ofi_signed_quote_sum_w10_mean)), ts_argmax_20(bar_gof_by_count_w10_mean)))"
225,"ts_kurt_20(add(ts_wma_55(bar_ofi_signed_quote_sum_w10_zscore), inv(ta_dema_8(sqrt(TS_CORR_20(ta_dx_14(bar_gof_by_count_w10_trend, bar_ofi_signed_quote_sum_w10_mean, bar_gof_by_count_w10_trend), ta_dema_8(bar_gof_by_count_w10_trend)))))))"
226,"ta_beta_5(ta_minus_dm_14(ts_mean_return_5(ta_minus_di_25(bar_ofi_signed_quote_sum_w10_mean, bar_gof_by_volume_w10_mean, bar_ofi_signed_quote_sum_w10_momentum)), min(bar_ofi_signed_quote_sum_w10_trend, bar_gof_by_count_w10_std)), cos(ta_mfi_25(ts_sma_21(bar_ofi_signed_qty_sum_w10_mean), TS_COV_20(bar_gof_by_count_w10_trend, bar_ofi_signed_quote_sum_w10_zscore), ts_argrange_5(bar_gof_by_count_w10_std), ta_rocr_25(bar_ofi_signed_qty_sum_w10_trend))))"
227,"ta_willr_14(log(ta_rsi_12(bar_gof_by_volume_w10_mean)), ts_min_5(bar_gof_by_volume_w10_trend), ts_argmax_20(ts_sum_8(add(ts_prod_17(bar_ofi_signed_quote_sum_w10_quantile), TA_BOP(bar_ofi_signed_qty_sum_w10_mean, bar_ofi_signed_quote_sum_w10_quantile, bar_ofi_signed_quote_sum_w10_trend, bar_gof_by_volume_w10_std)))))"
228,tan(ts_argmin_10(ts_lag_3(bar_ofi_signed_qty_sum_w10_std)))
229,ts_skew_10(ts_argmin_5(ta_trix_8(bar_ofi_signed_qty_sum_w10_trend)))
230,"ta_beta_10(elu(ta_rocp_14(ta_trix_8(bar_ofi_signed_qty_sum_w10_std))), ta_tema_8(ts_min_20(ta_minus_di_14(ts_sum_8(ta_ema_21(bar_ofi_signed_quote_sum_w10_trend)), ts_argmax_20(mul(bar_ofi_signed_quote_sum_w10_momentum, bar_gof_by_count_w10_std)), elu(ts_argmax_5(bar_ofi_signed_qty_sum_w10_mean))))))"
231,ts_skew_10(ta_mom_25(ts_argrange_20(ts_delta_3(ta_dema_8(ta_trima_8(bar_ofi_signed_qty_sum_w10_mean))))))
232,"ta_lr_intercept_5(TS_CORR_20(TA_SAR(ta_tsf_10(ta_lr_angle_20(bar_ofi_signed_quote_sum_w10_mean)), ta_cmo_25(ta_lr_angle_10(bar_ofi_signed_qty_sum_w10_trend))), ta_dx_25(ts_std_20(ts_wma_21(bar_ofi_signed_quote_sum_w10_trend)), ts_prod_17(ta_trima_55(bar_ofi_signed_quote_sum_w10_trend)), ta_tsf_10(max(bar_ofi_signed_quote_sum_w10_mean, bar_ofi_signed_quote_sum_w10_momentum)))))"
233,ta_rocp_14(ta_rsi_24(bar_gof_by_volume_w10_trend))
234,"mul(ta_tsf_5(abs(ta_lr_intercept_10(log(bar_ofi_signed_qty_sum_w10_trend)))), ts_lag_3(div(ts_sma_55(abs(bar_gof_by_count_w10_mean)), ta_minus_dm_14(ts_min_20(bar_ofi_signed_quote_sum_w10_mean), ta_minus_di_25(bar_ofi_signed_quote_sum_w10_quantile, bar_gof_by_count_w10_trend, bar_gof_by_volume_w10_mean)))))"
235,ts_skew_10(ta_trix_8(ts_wma_21(bar_gof_by_volume_w10_trend)))
236,"ta_beta_10(ts_max_20(bar_gof_by_count_w10_trend), ts_range_20(bar_ofi_signed_quote_sum_w10_mean))"
237,"ts_argmin_5(ts_std_40(sqrt(ta_aroonosc_14(bar_gof_by_count_w10_trend, bar_ofi_signed_quote_sum_w10_trend))))"
238,"TA_BOP(ts_rank_5(ta_rsi_24(ts_skew_10(bar_ofi_signed_quote_sum_w10_std))), ts_delta_3(ta_trima_8(neg(bar_gof_by_count_w10_std))), sub(ta_dema_8(TA_BOP(bar_gof_by_count_w10_std, bar_ofi_signed_quote_sum_w10_std, bar_ofi_signed_quote_sum_w10_zscore, bar_ofi_signed_qty_sum_w10_trend)), ta_minus_dm_14(ta_lr_angle_10(bar_ofi_signed_quote_sum_w10_quantile), ts_argrange_10(bar_gof_by_count_w10_mean))), ta_trima_21(bar_gof_by_count_w10_std))"
239,ts_wma_21(ta_lr_slope_5(sin(ta_tsf_20(bar_ofi_signed_quote_sum_w10_trend))))
240,"ts_skew_10(ta_ema_21(ta_dx_25(ta_trix_55(ts_mean_return_10(bar_ofi_signed_qty_sum_w10_std)), ts_sma_8(TS_CORR_40(bar_ofi_signed_quote_sum_w10_trend, bar_ofi_signed_qty_sum_w10_trend)), ts_max_10(ta_lr_angle_10(bar_gof_by_count_w10_std)))))"
241,"ta_willr_14(sin(ta_dema_8(ts_kurt_20(bar_ofi_signed_quote_sum_w10_std))), ts_argrange_20(ta_atr_25(ta_ema_21(bar_ofi_signed_quote_sum_w10_quantile), ta_lr_intercept_5(bar_ofi_signed_quote_sum_w10_trend), ta_dema_55(bar_gof_by_count_w10_mean))), ta_cmo_14(ta_dx_25(ts_argmax_10(bar_ofi_signed_quote_sum_w10_quantile), ta_lr_slope_10(bar_gof_by_volume_w10_std), TS_COV_20(bar_ofi_signed_quote_sum_w10_trend, bar_ofi_signed_qty_sum_w10_mean))))"
242,"ta_beta_5(ta_atr_25(ta_rocr_25(bar_ofi_signed_quote_sum_w10_zscore), ta_tema_55(bar_ofi_signed_quote_sum_w10_std), ta_lr_angle_20(bar_ofi_signed_qty_sum_w10_mean)), ts_max_20(ts_max_20(bar_ofi_signed_quote_sum_w10_momentum)))"
243,"TA_TRANGE(ta_dema_8(TS_CORR_20(bar_ofi_signed_qty_sum_w10_std, bar_ofi_signed_quote_sum_w10_quantile)), ta_rocr_14(ta_aroonosc_14(bar_ofi_signed_quote_sum_w10_zscore, bar_gof_by_count_w10_trend)), inv(ts_max_10(bar_ofi_signed_qty_sum_w10_trend)))"
244,"ta_beta_5(ts_prod_17(elu(TS_CORR_40(bar_gof_by_count_w10_mean, bar_ofi_signed_qty_sum_w10_mean))), ts_std_20(sub(ta_lr_intercept_20(bar_gof_by_count_w10_mean), abs(bar_ofi_signed_qty_sum_w10_trend))))"
245,"ta_aroonosc_25(ts_kurt_40(ta_trima_21(bar_gof_by_count_w10_mean)), ts_wma_8(sub(bar_gof_by_count_w10_mean, bar_ofi_signed_qty_sum_w10_std)))"
246,ta_rocr_14(tanh(ta_cmo_14(bar_ofi_signed_quote_sum_w10_quantile)))
247,ts_mean_return_5(ta_cmo_14(ts_sum_17(ta_trix_8(ts_kurt_20(bar_ofi_signed_quote_sum_w10_std)))))
248,"ta_cci_14(ts_std_40(ta_minus_di_25(ts_skew_10(TA_HT_DCPHASE(bar_ofi_signed_qty_sum_w10_std)), bar_gof_by_volume_w10_trend, ts_delta_17(ts_argmax_5(bar_ofi_signed_qty_sum_w10_trend)))), ta_atr_14(TA_HT_DCPERIOD(ta_cci_14(abs(bar_ofi_signed_quote_sum_w10_mean), ts_argmin_20(bar_gof_by_volume_w10_mean), TS_COV_20(bar_gof_by_volume_w10_trend, bar_ofi_signed_qty_sum_w10_mean))), TA_SAR(ta_tema_21(ta_rocp_25(bar_gof_by_count_w10_std)), ts_max_10(ta_tema_21(bar_ofi_signed_quote_sum_w10_momentum))), ta_trima_21(ta_dema_21(bar_ofi_signed_quote_sum_w10_quantile))), ts_argmin_5(bar_gof_by_volume_w10_mean))"
249,"ta_willr_14(bar_gof_by_volume_w10_trend, ta_tsf_5(ta_dema_55(ts_rank_5(bar_ofi_signed_qty_sum_w10_std))), bar_ofi_signed_quote_sum_w10_quantile)"
250,"sub(ta_tsf_5(ta_trix_55(bar_ofi_signed_quote_sum_w10_momentum)), ta_mom_25(ta_lr_slope_10(bar_ofi_signed_qty_sum_w10_std)))"
251,abs(ts_lag_8(bar_gof_by_count_w10_trend))
252,"ta_cci_14(ts_std_40(bar_gof_by_volume_w10_trend), TA_HT_DCPERIOD(bar_ofi_signed_qty_sum_w10_trend), ts_max_5(bar_gof_by_count_w10_mean))"
253,"TA_TRANGE(ta_rocr_25(ta_mfi_14(bar_ofi_signed_quote_sum_w10_mean, bar_gof_by_count_w10_trend, bar_gof_by_count_w10_std, bar_gof_by_volume_w10_std)), ta_aroonosc_14(ta_minus_di_14(bar_ofi_signed_qty_sum_w10_std, bar_gof_by_count_w10_mean, bar_gof_by_volume_w10_trend), ts_rank_5(bar_ofi_signed_quote_sum_w10_momentum)), ts_kurt_40(TS_COV_40(bar_ofi_signed_quote_sum_w10_trend, bar_ofi_signed_qty_sum_w10_std)))"
254,ts_rank_5(ts_std_20(bar_gof_by_count_w10_std))
255,ta_lr_intercept_10(ts_mean_return_5(bar_gof_by_volume_w10_mean))
256,ta_trix_8(ts_sma_8(ts_sma_8(ts_delta_8(bar_ofi_signed_qty_sum_w10_mean))))
257,"abs(ts_rank_20(ts_skew_10(TS_CORR_20(ta_rocr_14(bar_ofi_signed_qty_sum_w10_trend), ta_aroonosc_25(bar_ofi_signed_quote_sum_w10_trend, bar_gof_by_count_w10_std)))))"
258,"sub(ts_range_5(ts_wma_55(ta_minus_di_14(bar_gof_by_volume_w10_std, bar_ofi_signed_quote_sum_w10_quantile, bar_ofi_signed_quote_sum_w10_zscore))), ta_dema_8(ts_mean_return_10(ts_std_20(bar_gof_by_volume_w10_mean))))"
259,"ta_beta_5(ta_rocp_14(bar_ofi_signed_quote_sum_w10_std), ts_mean_return_20(bar_ofi_signed_qty_sum_w10_trend))"
260,ta_mom_12(ts_mean_return_10(ta_dema_8(bar_ofi_signed_quote_sum_w10_momentum)))
261,ts_argrange_5(ts_argmax_20(bar_ofi_signed_quote_sum_w10_trend))
262,ta_rocr_14(ts_sma_55(ts_kurt_40(ts_prod_8(ta_lr_angle_20(bar_ofi_signed_quote_sum_w10_mean)))))
263,ta_lr_slope_10(ts_skew_20(ta_dema_21(bar_ofi_signed_qty_sum_w10_trend)))
264,"ta_cci_14(ts_skew_40(ta_cci_14(bar_gof_by_volume_w10_trend, bar_gof_by_count_w10_trend, bar_gof_by_volume_w10_trend)), ta_cmo_25(ta_ema_55(bar_ofi_signed_qty_sum_w10_trend)), ts_sum_3(ta_cci_25(bar_ofi_signed_quote_sum_w10_mean, bar_ofi_signed_quote_sum_w10_momentum, bar_gof_by_volume_w10_trend)))"
265,"ts_kurt_10(TA_SAR(ts_rank_20(bar_gof_by_count_w10_trend), TA_HT_DCPERIOD(bar_gof_by_count_w10_mean)))"
266,ts_argmin_10(TA_HT_DCPHASE(bar_ofi_signed_quote_sum_w10_quantile))
267,ta_rocp_25(ta_lr_intercept_10(bar_ofi_signed_quote_sum_w10_trend))
268,"ts_argrange_5(ta_beta_5(bar_ofi_signed_quote_sum_w10_quantile, bar_ofi_signed_qty_sum_w10_std))"
269,elu(ts_kurt_10(ta_ema_8(ts_std_20(bar_gof_by_count_w10_mean))))
270,"ts_lag_17(min(bar_gof_by_volume_w10_std, bar_ofi_signed_quote_sum_w10_zscore))"
271,ta_rocr_25(ts_delta_17(bar_ofi_signed_quote_sum_w10_quantile))
272,"ts_skew_10(ta_minus_di_14(ta_minus_dm_25(ts_std_10(bar_ofi_signed_quote_sum_w10_trend), ta_dema_21(bar_ofi_signed_quote_sum_w10_mean)), ts_min_5(ta_rsi_6(bar_gof_by_volume_w10_std)), ta_lr_angle_5(ts_range_10(bar_ofi_signed_quote_sum_w10_quantile))))"
273,"sub(ta_lr_slope_10(ts_argrange_10(ta_willr_14(ts_range_10(bar_ofi_signed_quote_sum_w10_quantile), ts_argrange_10(bar_ofi_signed_qty_sum_w10_mean), ta_tsf_20(bar_ofi_signed_quote_sum_w10_std)))), ta_cci_25(ts_rank_5(TA_TRANGE(ts_argmax_20(bar_ofi_signed_qty_sum_w10_trend), ta_rocr_14(bar_ofi_signed_qty_sum_w10_mean), mul(bar_gof_by_volume_w10_std, bar_ofi_signed_quote_sum_w10_zscore))), ts_min_10(TA_HT_DCPERIOD(ta_minus_dm_14(bar_gof_by_count_w10_mean, bar_gof_by_count_w10_trend))), ts_rank_5(TS_COV_40(ts_argrange_5(bar_gof_by_volume_w10_mean), ta_lr_intercept_5(bar_gof_by_volume_w10_std)))))"
274,"ta_lr_intercept_10(abs(div(ta_aroonosc_25(ta_beta_20(bar_gof_by_volume_w10_trend, bar_ofi_signed_quote_sum_w10_zscore), ta_mom_12(bar_ofi_signed_quote_sum_w10_mean)), ta_rocr_25(ta_lr_intercept_10(bar_gof_by_count_w10_std)))))"
275,"tanh(ts_argrange_10(ts_argmax_10(ta_beta_10(bar_ofi_signed_quote_sum_w10_momentum, bar_gof_by_count_w10_trend))))"
276,ts_argmin_5(ts_max_20(bar_ofi_signed_quote_sum_w10_mean))
277,"ts_skew_20(min(ts_range_10(ts_lag_8(bar_gof_by_count_w10_trend)), tan(ts_prod_8(bar_ofi_signed_quote_sum_w10_quantile))))"
278,"ta_aroonosc_14(ta_mom_25(bar_gof_by_count_w10_mean), ts_mean_return_5(bar_ofi_signed_quote_sum_w10_quantile))"
279,"ta_beta_10(bar_gof_by_volume_w10_trend, cos(bar_gof_by_volume_w10_mean))"
280,"ta_cci_14(TS_COV_20(bar_ofi_signed_qty_sum_w10_mean, ta_willr_14(ts_argmax_5(ta_dema_8(bar_ofi_signed_quote_sum_w10_quantile)), ta_dx_14(bar_ofi_signed_qty_sum_w10_mean, ta_atr_25(bar_ofi_signed_quote_sum_w10_quantile, bar_gof_by_volume_w10_trend, bar_gof_by_count_w10_std), ts_delta_8(bar_ofi_signed_quote_sum_w10_mean)), ta_lr_slope_20(ta_cmo_25(bar_gof_by_count_w10_mean)))), ts_prod_8(ta_tema_8(add(ts_argmin_20(bar_ofi_signed_quote_sum_w10_zscore), ta_lr_intercept_10(bar_ofi_signed_quote_sum_w10_zscore)))), ta_rocp_14(ta_trix_21(bar_gof_by_count_w10_std)))"
281,ta_lr_intercept_5(inv(ta_lr_slope_20(bar_gof_by_count_w10_mean)))
282,ts_kurt_10(ta_lr_intercept_5(ts_sum_3(bar_ofi_signed_quote_sum_w10_zscore)))
283,"ta_beta_10(ta_lr_intercept_20(bar_gof_by_count_w10_mean), bar_gof_by_volume_w10_mean)"
284,ta_rocp_14(abs(bar_ofi_signed_quote_sum_w10_quantile))
285,ts_delta_3(ts_kurt_10(bar_gof_by_count_w10_mean))
286,ta_lr_intercept_5(ts_lag_8(bar_ofi_signed_quote_sum_w10_quantile))
287,"ta_beta_5(ts_argrange_20(bar_ofi_signed_qty_sum_w10_mean), ta_aroonosc_25(bar_ofi_signed_quote_sum_w10_quantile, bar_ofi_signed_quote_sum_w10_std))"
288,"ta_cci_25(log(ts_sma_55(ts_range_5(ts_argmax_10(bar_gof_by_count_w10_trend)))), ta_lr_angle_10(ts_wma_55(ts_argmax_10(ts_sma_55(bar_ofi_signed_quote_sum_w10_momentum)))), ta_minus_dm_14(ta_minus_di_25(ts_argrange_20(ts_argrange_10(bar_gof_by_count_w10_mean)), ta_beta_10(ta_mfi_25(bar_ofi_signed_qty_sum_w10_mean, bar_gof_by_count_w10_mean, bar_gof_by_volume_w10_mean, bar_ofi_signed_qty_sum_w10_mean), ts_skew_40(bar_ofi_signed_qty_sum_w10_trend)), ta_rocp_25(TA_HT_DCPHASE(bar_ofi_signed_quote_sum_w10_mean))), ta_tsf_10(ts_kurt_20(ts_rank_5(bar_gof_by_volume_w10_trend)))))"
289,ta_tsf_20(ta_lr_slope_5(ts_kurt_10(bar_gof_by_volume_w10_mean)))
290,"ta_lr_angle_5(ta_minus_dm_14(ts_max_10(bar_ofi_signed_quote_sum_w10_trend), ts_range_5(bar_ofi_signed_quote_sum_w10_std)))"
291,"ta_tsf_10(ts_delta_17(ts_kurt_10(ta_cci_14(ts_kurt_20(bar_gof_by_volume_w10_std), ta_trix_8(bar_ofi_signed_quote_sum_w10_quantile), ts_prod_3(bar_ofi_signed_qty_sum_w10_mean)))))"
292,ts_kurt_20(ts_std_20(bar_gof_by_volume_w10_std))
293,"ta_cmo_25(ta_aroonosc_14(bar_gof_by_volume_w10_std, bar_ofi_signed_quote_sum_w10_quantile))"
294,"TA_BOP(sqrt(bar_gof_by_count_w10_trend), ta_cci_25(bar_gof_by_volume_w10_std, bar_ofi_signed_qty_sum_w10_std, bar_ofi_signed_qty_sum_w10_std), ts_sum_17(bar_ofi_signed_quote_sum_w10_mean), ts_argmin_5(bar_gof_by_volume_w10_mean))"
295,ts_kurt_10(ta_lr_intercept_10(bar_ofi_signed_quote_sum_w10_quantile))
296,"ta_aroonosc_14(ta_ema_21(cos(ts_argmin_5(ts_min_10(bar_gof_by_volume_w10_std)))), ts_sum_3(bar_ofi_signed_quote_sum_w10_zscore))"
297,"div(ts_delta_17(sub(bar_ofi_signed_qty_sum_w10_trend, bar_gof_by_volume_w10_mean)), ta_mfi_14(bar_gof_by_volume_w10_trend, ta_lr_slope_10(bar_ofi_signed_quote_sum_w10_quantile), ts_delta_3(bar_ofi_signed_quote_sum_w10_zscore), ta_tsf_20(bar_gof_by_count_w10_trend)))"
298,ta_lr_angle_5(ts_argmax_10(cos(ts_std_20(ts_prod_8(bar_gof_by_volume_w10_mean)))))
299,"ts_kurt_10(ta_atr_14(ta_rsi_12(ts_mean_return_5(log(bar_ofi_signed_quote_sum_w10_zscore))), TS_COV_20(ts_argrange_20(TS_COV_40(bar_gof_by_count_w10_std, bar_ofi_signed_quote_sum_w10_zscore)), TS_COV_20(ta_lr_intercept_10(bar_gof_by_volume_w10_mean), ta_minus_di_25(bar_ofi_signed_qty_sum_w10_std, bar_gof_by_count_w10_trend, bar_ofi_signed_quote_sum_w10_quantile))), TA_HT_DCPERIOD(ta_dema_55(ts_kurt_10(bar_ofi_signed_quote_sum_w10_quantile)))))"
300,"min(ta_lr_slope_5(ts_delta_17(bar_ofi_signed_quote_sum_w10_std)), ta_mom_25(ta_tema_21(bar_gof_by_count_w10_trend)))"
301,"ts_delta_3(ta_lr_angle_10(ta_cmo_14(ta_beta_20(bar_ofi_signed_quote_sum_w10_momentum, bar_ofi_signed_quote_sum_w10_trend))))"
302,ta_ema_8(ta_rocp_14(log(bar_ofi_signed_quote_sum_w10_trend)))
303,ts_lag_3(ta_rocp_25(bar_ofi_signed_quote_sum_w10_momentum))
304,"TA_TRANGE(ta_willr_14(ta_lr_angle_10(bar_gof_by_volume_w10_mean), ta_lr_intercept_20(bar_ofi_signed_quote_sum_w10_momentum), ta_cmo_14(bar_ofi_signed_quote_sum_w10_zscore)), ts_max_10(ta_lr_intercept_5(bar_ofi_signed_quote_sum_w10_trend)), ta_beta_10(ta_beta_5(bar_gof_by_count_w10_trend, bar_gof_by_volume_w10_mean), ts_delta_8(bar_ofi_signed_quote_sum_w10_mean)))"
